{
  "slug": "region-vi-western-visayas",
  "provinces": [
    {
      "province": "Capiz",
      "cities": [
        {
          "city": "Roxas"
        }
      ],
      "municipalities": [
        {
          "municipality": "Cuartero",
          "zip_code": "5811"
        },
        {
          "municipality": "Dao",
          "zip_code": "5810"
        },
        {
          "municipality": "Dumalag",
          "zip_code": "5813"
        },
        {
          "municipality": "Dumarao",
          "zip_code": "5812"
        },
        {
          "municipality": "Ivisan",
          "zip_code": "5805"
        },
        {
          "municipality": "Jamindan",
          "zip_code": "5808"
        },
        {
          "municipality": "Ma-ayon",
          "zip_code": "5809"
        },
        {
          "municipality": "Mambusao",
          "zip_code": "5807"
        },
        {
          "municipality": "Panay",
          "zip_code": "5801"
        },
        {
          "municipality": "Panitan",
          "zip_code": "5815"
        },
        {
          "municipality": "Pilar",
          "zip_code": "5804"
        },
        {
          "municipality": "Pontevedra",
          "zip_code": "5802"
        },
        {
          "municipality": "President Roxas",
          "zip_code": "5803"
        },
        {
          "municipality": "Sapi-an",
          "zip_code": "5806"
        },
        {
          "municipality": "Sigma",
          "zip_code": "5816"
        },
        {
          "municipality": "Tapaz",
          "zip_code": "5814"
        }
      ]
    },
    {
      "province": "GUIMARAS PROVINCE",
      "municipalities": [
        {
          "municipality": "Buenavista",
          "zip_code": "5044"
        },
        {
          "municipality": "Jordan",
          "zip_code": "5045"
        },
        {
          "municipality": "Nueva Valencia",
          "zip_code": "5046"
        },
        {
          "municipality": "San Lorenzo",
          "zip_code": "5047"
        },
        {
          "municipality": "Sibunag",
          "zip_code": "5048"
        }
      ],
      "slug": "guimaras-province"
    },
    {
      "province": "ILOILO PROVINCE",
      "cities": [
        {
          "city": "Iloilo"
        },
        {
          "city": "Passi"
        }
      ],
      "municipalities": [
        {
          "municipality": "Ajuy",
          "zip_code": "5012"
        },
        {
          "municipality": "Alimodian",
          "zip_code": "5028"
        },
        {
          "municipality": "Anilao",
          "zip_code": "5009"
        },
        {
          "municipality": "Badiangan",
          "zip_code": "5033"
        },
        {
          "municipality": "Balasan",
          "zip_code": "5018"
        },
        {
          "municipality": "Banate",
          "zip_code": "5010"
        },
        {
          "municipality": "Barotac Nuevo",
          "zip_code": "5007"
        },
        {
          "municipality": "Barotac Viejo",
          "zip_code": "5011"
        },
        {
          "municipality": "Batad",
          "zip_code": "5016"
        },
        {
          "municipality": "Bingawan",
          "zip_code": "5041"
        },
        {
          "municipality": "Cabatuan",
          "zip_code": "5031"
        },
        {
          "municipality": "Calinog",
          "zip_code": "5040"
        },
        {
          "municipality": "Carles",
          "zip_code": "5019"
        },
        {
          "municipality": "Concepcion",
          "zip_code": "5013"
        },
        {
          "municipality": "Dingle",
          "zip_code": "5035"
        },
        {
          "municipality": "Dueñas",
          "zip_code": "5038"
        },
        {
          "municipality": "Dumangas",
          "zip_code": "5006"
        },
        {
          "municipality": "Estancia",
          "zip_code": "5017"
        },
        {
          "municipality": "Guimbal",
          "zip_code": "5022"
        },
        {
          "municipality": "Igbaras",
          "zip_code": "5029"
        },
        {
          "municipality": "Janiuay",
          "zip_code": "5034"
        },
        {
          "municipality": "Lambunao",
          "zip_code": "5042"
        },
        {
          "municipality": "Leganes",
          "zip_code": "5003"
        },
        {
          "municipality": "Lemery",
          "zip_code": "5043"
        },
        {
          "municipality": "Leon",
          "zip_code": "5026"
        },
        {
          "municipality": "Maasin",
          "zip_code": "5030"
        },
        {
          "municipality": "Miagao",
          "zip_code": "5023"
        },
        {
          "municipality": "Mina",
          "zip_code": "5032"
        },
        {
          "municipality": "New Lucena",
          "zip_code": "5005"
        },
        {
          "municipality": "Oton",
          "zip_code": "5020"
        },
        {
          "municipality": "Pavia",
          "zip_code": "5001"
        },
        {
          "municipality": "Pototan",
          "zip_code": "5008"
        },
        {
          "municipality": "San Dionisio",
          "zip_code": "5015"
        },
        {
          "municipality": "San Enrique",
          "zip_code": "5036"
        },
        {
          "municipality": "San Joaquin",
          "zip_code": "5024"
        },
        {
          "municipality": "San Miguel",
          "zip_code": "5025"
        },
        {
          "municipality": "San Rafael",
          "zip_code": "5039"
        },
        {
          "municipality": "Santa Barbara",
          "zip_code": "5002"
        },
        {
          "municipality": "Sara",
          "zip_code": "5014"
        },
        {
          "municipality": "Tigbauan",
          "zip_code": "5021"
        },
        {
          "municipality": "Tubungan",
          "zip_code": "5027"
        },
        {
          "municipality": "Zarraga",
          "zip_code": "5004"
        }
      ],
      "slug": "iloilo-province"
    }
  ]
}