{
  "provinces": [
    {
      "province": "Albay",
      "cities": [
        {
          "city": "Legazpi"
        },
        {
          "city": "Ligao"
        },
        {
          "city": "Tabaco"
        }
      ],
      "municipalities": [
        {
          "municipality": "Bacacay",
          "zip_code": "4509"
        },
        {
          "municipality": "Camalig",
          "zip_code": "4502"
        },
        {
          "municipality": "Daraga",
          "zip_code": "4501"
        },
        {
          "municipality": "Guinobatan",
          "zip_code": "4503"
        },
        {
          "municipality": "Jovellar",
          "zip_code": "4515"
        },
        {
          "municipality": "Libon",
          "zip_code": "4507"
        },
        {
          "municipality": "Malilipot",
          "zip_code": "4510"
        },
        {
          "municipality": "Malinao",
          "zip_code": "4512"
        },
        {
          "municipality": "Manito",
          "zip_code": "4514"
        },
        {
          "municipality": "Oas",
          "zip_code": "4505"
        },
        {
          "municipality": "Pio Duran",
          "zip_code": "4516"
        },
        {
          "municipality": "Polangui",
          "zip_code": "4506"
        },
        {
          "municipality": "Rapu-Rapu",
          "zip_code": "4517"
        },
        {
          "municipality": "Santo Domingo",
          "zip_code": "4508"
        },
        {
          "municipality": "Tiwi",
          "zip_code": "4513"
        }
      ]
    },
    {
      "province": "Camarines Sur",
      "cities": [
        {
          "city": "Iriga"
        },
        {
          "city": "Naga"
        }
      ],
      "municipalities": [
        {
          "municipality": "Baao",
          "zip_code": "4432"
        },
        {
          "municipality": "Balatan",
          "zip_code": "4436"
        },
        {
          "municipality": "Basud",
          "zip_code": "4608"
        },
        {
          "municipality": "Bato",
          "zip_code": "4435"
        },
        {
          "municipality": "Bombon",
          "zip_code": "4404"
        },
        {
          "municipality": "Buhi",
          "zip_code": "4433"
        },
        {
          "municipality": "Bula",
          "zip_code": "4430"
        },
        {
          "municipality": "Cabusao",
          "zip_code": "4406"
        },
        {
          "municipality": "Calabanga",
          "zip_code": "4405"
        },
        {
          "municipality": "Camaligan",
          "zip_code": "4401"
        },
        {
          "municipality": "Canaman",
          "zip_code": "4402"
        },
        {
          "municipality": "Capalonga",
          "zip_code": "4607"
        },
        {
          "municipality": "Caramoan",
          "zip_code": "4429"
        },
        {
          "municipality": "Daet",
          "zip_code": "4600"
        },
        {
          "municipality": "Del Gallego",
          "zip_code": "4411"
        },
        {
          "municipality": "Gainza",
          "zip_code": "4412"
        },
        {
          "municipality": "Garchitorena",
          "zip_code": "4428"
        },
        {
          "municipality": "Goa",
          "zip_code": "4422"
        },
        {
          "municipality": "Jose Panganiban",
          "zip_code": "4606"
        },
        {
          "municipality": "Labo",
          "zip_code": "4604"
        },
        {
          "municipality": "Lagonoy",
          "zip_code": "4425"
        },
        {
          "municipality": "Libmanan",
          "zip_code": "4407"
        },
        {
          "municipality": "Lupi",
          "zip_code": "4409"
        },
        {
          "municipality": "Magarao",
          "zip_code": "4403"
        },
        {
          "municipality": "Mercedes",
          "zip_code": "4601"
        },
        {
          "municipality": "Milaor",
          "zip_code": "4413"
        },
        {
          "municipality": "Minalabac",
          "zip_code": "4414"
        },
        {
          "municipality": "Nabua",
          "zip_code": "4434"
        },
        {
          "municipality": "Ocampo",
          "zip_code": "4419"
        },
        {
          "municipality": "Paracale",
          "zip_code": "4605"
        },
        {
          "municipality": "Pamplona",
          "zip_code": "4416"
        },
        {
          "municipality": "Pasacao",
          "zip_code": "4417"
        },
        {
          "municipality": "Pili",
          "zip_code": "4418"
        },
        {
          "municipality": "Presentacion",
          "zip_code": "4424"
        },
        {
          "municipality": "Ragay",
          "zip_code": "4410"
        },
        {
          "municipality": "Sagñay",
          "zip_code": "4421"
        },
        {
          "municipality": "San Fernando",
          "zip_code": "4415"
        },
        {
          "municipality": "San Jose",
          "zip_code": "4423"
        },
        {
          "municipality": "San Lorenzo Ruiz",
          "zip_code": "4610"
        },
        {
          "municipality": "San Vicente",
          "zip_code": "4609"
        },
        {
          "municipality": "Sipocot",
          "zip_code": "4408"
        },
        {
          "municipality": "Siruma",
          "zip_code": "4427"
        },
        {
          "municipality": "Santa Elena",
          "zip_code": "4611"
        },
        {
          "municipality": "Talisay",
          "zip_code": "4602"
        },
        {
          "municipality": "Tigaon",
          "zip_code": "4420"
        },
        {
          "municipality": "Tinambac",
          "zip_code": "4426"
        },
        {
          "municipality": "Vinzons",
          "zip_code": "4603"
        }
      ]
    },
    {
      "province": "Masbate",
      "cities": [
        {
          "city": "Masbate"
        }
      ],
      "municipalities": [
        {
          "municipality": "Aroroy",
          "zip_code": "5414"
        },
        {
          "municipality": "Baleno",
          "zip_code": "5413"
        },
        {
          "municipality": "Balud",
          "zip_code": "5412"
        },
        {
          "municipality": "Batuan",
          "zip_code": "5415"
        },
        {
          "municipality": "Cataingan",
          "zip_code": "5405"
        },
        {
          "municipality": "Cawayan",
          "zip_code": "5409"
        },
        {
          "municipality": "Claveria",
          "zip_code": "5419"
        },
        {
          "municipality": "Dimasalang",
          "zip_code": "5403"
        },
        {
          "municipality": "Esperanza",
          "zip_code": "5407"
        },
        {
          "municipality": "Mandaon",
          "zip_code": "5411"
        },
        {
          "municipality": "Milagros",
          "zip_code": "5410"
        },
        {
          "municipality": "Mobo",
          "zip_code": "5401"
        },
        {
          "municipality": "Monreal",
          "zip_code": "5418"
        },
        {
          "municipality": "Palanas",
          "zip_code": "5404"
        },
        {
          "municipality": "Pio V. CorpuZ",
          "zip_code": "5406"
        },
        {
          "municipality": "Placer",
          "zip_code": "5408"
        },
        {
          "municipality": "San Fernando",
          "zip_code": "5416"
        },
        {
          "municipality": "San Jacinto",
          "zip_code": "5417"
        },
        {
          "municipality": "San Pascual",
          "zip_code": "5420"
        },
        {
          "municipality": "Uson",
          "zip_code": "5402"
        }
      ]
    },
    {
      "province": "Sorsogon",
      "cities": [
        {
          "city": "Sorsogon"
        }
      ],
      "municipalities": [
        {
          "municipality": "Barcelona",
          "zip_code": "4712"
        },
        {
          "municipality": "Bulan",
          "zip_code": "4706"
        },
        {
          "municipality": "Bulusan",
          "zip_code": "4704"
        },
        {
          "municipality": "Casiguran",
          "zip_code": "4702"
        },
        {
          "municipality": "Castilla",
          "zip_code": "4713"
        },
        {
          "municipality": "Donsol",
          "zip_code": "4715"
        },
        {
          "municipality": "Gubat",
          "zip_code": "4710"
        },
        {
          "municipality": "Irosin",
          "zip_code": "4707"
        },
        {
          "municipality": "Juban",
          "zip_code": "4703"
        },
        {
          "municipality": "Magallanes",
          "zip_code": "4705"
        },
        {
          "municipality": "Matnog",
          "zip_code": "4708"
        },
        {
          "municipality": "Pilar",
          "zip_code": "4714"
        },
        {
          "municipality": "Prieto Diaz",
          "zip_code": "4711"
        },
        {
          "municipality": "Santa Magdalena",
          "zip_code": "4709"
        }
      ]
    }
  ],
  "slug": "region-v-bicol-region"
}